id,title,author,publisher,publishedAt,isbn,image,category,,,,,,,,,,,,,,,,,
1,12가지 인생의 법칙,조던 B. 피터슨,메이븐,,,,인문학,,,,,,,,,,,,,,,,,
2,1년 안에 AI 빅데이터 전문가가 되는 법,서대호,반니,,,,인공지능/데이터,,,,,,,,,,,,,,,,,
3,1억배 빠른 양자 컴퓨터가 온다,"니시모리 히데토시,오오제키 마사유키",로드북,,,,기술 교양,,,,,,,,,,,,,,,,,
4,2019 이기적 정보처리기사,"김명주, 강희영",영진닷컴,,,,디자인/자격증,,,,,,,,,,,,,,,,,
5,2020 국가공인 재경관리사 K-IFRS 재무회계,삼일회계법인,삼일인포마인,,,,디자인/자격증,,,,,,,,,,,,,,,,,
6,2020 정보처리기사 실기 1권,"김정준, 강윤석, 김용갑, 김우경, 길벗알앤디",길벗,,,,디자인/자격증,,,,,,,,,,,,,,,,,
7,2020 정보처리기사 실기 2권,"김정준, 강윤석, 김용갑, 김우경, 길벗알앤디",길벗,,,,디자인/자격증,,,,,,,,,,,,,,,,,
8,2030 대담한 미래2,최윤식,지식노마드,,,,자기계발,,,,,,,,,,,,,,,,,
9,21세기를 위한 21가지 제언 - 더 나은 오늘은 어떻게 가능한가,유발 하라리,김영사,,,,인문학,,,,,,,,,,,,,,,,,
10,30분 통계학,구로타 히로시,길벗,,,,수학,,,,,,,,,,,,,,,,,
11,3차원 창의력 개발법,이광형,비지니스맵,,,,교육,,,,,,,,,,,,,,,,,
12,4차 산업혁명 시대의 이산수학,김대수,생능출판사,,,,수학,,,,,,,,,,,,,,,,,
13,4차 산업혁명 시대의 컴퓨터 개론,김대수,생능출판사,,,,컴퓨터 개론,,,,,,,,,,,,,,,,,
14,같은 스물 다른 인생 - 삼성에서 길을 찾다,"이동희, 이철준",출판이안,,,,인문학,,,,,,,,,,,,,,,,,
15,"개발 7년차, 매니저 1일차",카미유 푸르니에,한빛미디어,,,,조직/실무,,,,,,,,,,,,,,,,,
16,개발자 오디세이아 - 더 나은 개발자의 삶을 위해,이경종,로드북,,,,스타트업/경제/경영,,,,,,,,,,,,,,,,,
17,개발자도 궁금한 IT 인프라,"정송화, 김영선, 전성민",제이펍,,,,기술 교양,,,,,,,,,,,,,,,,,
18,개발자의 글쓰기,김철수,위키북스,,,,기술 교양,,,,,,,,,,,,,,,,,
19,개발자의 코드,카 와이 청,지&선(지앤선),,,,스타트업/경제/경영,,,,,,,,,,,,,,,,,
20,객관적이고 과학적인 공부법,"이지성, 인현진",차이정원,,,,교육,,,,,,,,,,,,,,,,,
21,"객체지향의 사실과 오해 - 역할, 책임, 협력 관점에서 본 객체지향 A",조영호,위키북스,,,,소프트웨어공학,,,,,,,,,,,,,,,,,
22,거의 모든 IT의 역사,정지훈,메디치미디어,,,,기술 교양,,,,,,,,,,,,,,,,,
23,거침없이 배우는 자바스크립트 & 제이쿼리,데이비드 소이어 맥파랜드 (지은이),지&선(지앤선),,,,웹 프로그래밍,,,,,,,,,,,,,,,,,
24,게임 엔진 블랙 북 울펜슈타인 3D,파비앙 상글라르,한빛미디어,,,,게임개발/모바일,,,,,,,,,,,,,,,,,
25,게임서비스와 법,김윤명,경인문화사,,,,기술 교양,,,,,,,,,,,,,,,,,
26,게임으로 익히는 코딩 알고리즘,김영기,한빛미디어,,,,자료구조/알고리즘,,,,,,,,,,,,,,,,,
27,고객이 보이는 구글 애널리틱스,문준영,한빛미디어,,,,인공지능/데이터,,,,,,,,,,,,,,,,,
28,고독한 군중,데이비드 리스먼,동서문화사,,,,인문학,,,,,,,,,,,,,,,,,
29,공부논쟁,"김대식, 김두식",창비,,,,인문학,,,,,,,,,,,,,,,,,
30,공부의 미래,존 카우치,어크로스,,,,교육,,,,,,,,,,,,,,,,,
31,공부의 미래 - 10년 후 통하는 새로운 공부법,구본권 (지은이),한겨레출판,,,,교육,,,,,,,,,,,,,,,,,
32,공정하다는 착각,마이클 센델,와이즈베리,,,,인문학,,,,,,,,,,,,,,,,,
33,과감한 전환,박용진,폴리테이아,,,,자기계발,,,,,,,,,,,,,,,,,
34,과학하는 마음,히라타 오리자,현암사,,,,인문학,,,,,,,,,,,,,,,,,
35,"교육의 미래, 컬처 엔지니어링","폴 김,김길홍,나성섭,함돈균",동아시아,,,,교육,,,,,,,,,,,,,,,,,
36,"교육의 미래, 티칭이 아니라 코칭이다",폴 김,세종서적,,,,교육,,,,,,,,,,,,,,,,,
37,구글 애널리틱스 완벽 입문,유성민,위키북스,,,,인공지능/데이터,,,,,,,,,,,,,,,,,
38,구글은 어떻게 일하는가,"에릭 슈미트,조너선 로젠버그,앨런 이글",김영사,,,,인문학,,,,,,,,,,,,,,,,,
39,그렇게 물어보면 원하는 답을 들을 수 없습니다,김호,위즈덤하우스,,,,인문학,,,,,,,,,,,,,,,,,
40,그림으로 공부하는 IT 인프라 구조,야마자키 야스시,제이펍,,,,운영체제/컴퓨터시스템,,,,,,,,,,,,,,,,,
41,그림으로 공부하는 it 인프라 구조 개정판,"야마자키 야스시, 미나와 케이코, 아제카츠 요헤이, 사토 타카히코",제이펍,,,,운영체제/컴퓨터시스템,,,,,,,,,,,,,,,,,
42,그림으로 배우는 구조와 원리 운영체제 개정 3판,구현회,한빛아카데미,,,,운영체제/컴퓨터시스템,,,,,,,,,,,,,,,,,
43,그림으로 배우는 서버구조 Server,니시무라 야스히로,영진닷컴,,,,네트워크,,,,,,,,,,,,,,,,,
44,그림으로 배우는 클라우드,하야시 미사유키,영진닷컴,,,,클라우드,,,,,,,,,,,,,,,,,
45,글의 품격,이기주,황소북스,,,,인문학,,,,,,,,,,,,,,,,,
46,기계는 어떻게 생각하는가?,숀 게리시,이지스퍼블리싱,,,,기술 교양,,,,,,,,,,,,,,,,,
47,기계는 어떻게 생각하는가? - 알파고부터 자율 주행차까지! 기계 학습의 실제 사례와 작동,숀 게리시,이지스퍼블리싱,,,,인문학,,,,,,,,,,,,,,,,,
48,기득권층,오언 존스,북인더갭,,,,인문학,,,,,,,,,,,,,,,,,
49,기술의 시대,"브래드 스미스, 캐럴 앤 브라운",한빛비즈,,,,인문학,,,,,,,,,,,,,,,,,
50,나는 4시간만 일한다,팀 페리스,다른상상,,,,자기계발,,,,,,,,,,,,,,,,,
51,나는 간호사 사람입니다,김현아,쌤엔파커스,,,,인문학,,,,,,,,,,,,,,,,,
52,나는 공짜로 공부한다,살만 칸,알에이치코리아,,,,교육,,,,,,,,,,,,,,,,,
53,나는 심플하게 말한다,이동우,다산북스,,,,인문학,,,,,,,,,,,,,,,,,
54,나는 LINE개발자입니다,강윤신 외 11,한빛미디어,,,,기술 교양,,,,,,,,,,,,,,,,,
55,나만의 연설문을 써라,윤범기,필로소픽,,,,인문학,,,,,,,,,,,,,,,,,
56,나의 한국현대사 1959-2020,유시민,돌베개,,,,인문학,,,,,,,,,,,,,,,,,
57,내 글이 구린 건 맞춤법 때문이 아니다,개리 프로보스트,행복한북클럽,,,,인문학,,,,,,,,,,,,,,,,,
58,내 일을 바꾸는 업무 자동화,이태화,프리렉,,,,조직/실무,,,,,,,,,,,,,,,,,
59,네이키드 애자일,"장재웅, 상효이재",미래의창,,,,스타트업/경제/경영,,,,,,,,,,,,,,,,,
60,네트워크 속의 유령,"케빈 미트닉, 윌리엄 사이먼",에이콘출판사,,,,기술 교양,,,,,,,,,,,,,,,,,
61,넥스트 넷플릭스,한석봉,한빛미디어,,,,기술 교양,,,,,,,,,,,,,,,,,
62,넥스트 파이낸스,"이용재,임동민,한중섭,한대훈,차두휘,한서희,정호석,김윤호",스리체어스,,,,인문학,,,,,,,,,,,,,,,,,
63,넥스트 플랫폼,"프랭크 필러,송희경",스리체어스,,,,인문학,,,,,,,,,,,,,,,,,
64,넷플릭스의 클라우드 엔지니어링,정윤진,예문사,,,,클라우드,,,,,,,,,,,,,,,,,
65,노동 4.0,이명호,스리체어스,,,,인문학,,,,,,,,,,,,,,,,,
66,뇌를 자극하는 알고리즘,박상현,한빛미디어,,,,자료구조/알고리즘,,,,,,,,,,,,,,,,,
67,뇌를 자극하는 윈도우즈 시스템 프로그래밍,윤성우,한빛미디어,,,,운영체제/컴퓨터시스템,,,,,,,,,,,,,,,,,
68,뇌를 자극하는 프로그래밍 원리,한세경,한빛미디어,,,,운영체제/컴퓨터시스템,,,,,,,,,,,,,,,,,
69,뇌를 자극하는 C# 4.0 프로그래밍,박상현,한빛미디어,,,,프로그래밍 언어,,,,,,,,,,,,,,,,,
70,누구나 쉽게 배우는 미적분,히사시 요코타,Gbrain,,,,수학,,,,,,,,,,,,,,,,,
71,누구나 쉽게 배우는 코딩,브라이슨 페인,"no starch press, BJPUBLIC",,,,프로그래밍 언어,,,,,,,,,,,,,,,,,
72,누구나 할 수 있는 정진호의 비주얼씽킹,정진호,한빛미디어,,,,자기계발,,,,,,,,,,,,,,,,,
73,누워서 읽는 알고리즘,임백준,한빛미디어,,,,자료구조/알고리즘,,,,,,,,,,,,,,,,,
74,뉴노멀의 철학,김재인,동아시아,,,,인문학,,,,,,,,,,,,,,,,,
75,니체의 말,시라토리 하루히코,삼호미디어,,,,인문학,,,,,,,,,,,,,,,,,
76,다섯 가지 미래 교육 코드,김지영,소울하우스,,,,교육,,,,,,,,,,,,,,,,,
77,다시 쓸 수 있을까,레오드르 칼리파티데스,어크로스,,,,인문학,,,,,,,,,,,,,,,,,
78,대륙의 중국어 단어장 - 중급용(HSK 5급),"왕사원, 정지은, 주대성, 노수정, 뤄양, 윤혜진, 김세인",더쉬운 & 텍스트프래닛,,,,교육,,,,,,,,,,,,,,,,,
79,대륙의 중국어회화 레벨 1,"곡효여, 곡효운",텍스트플래닛,,,,교육,,,,,,,,,,,,,,,,,
80,대시보드 설계와 데이터 시각화,"스티브 웩슬러, 제프리 섀퍼, 앤디 코트그리브",책만,,,,디자인/자격증,,,,,,,,,,,,,,,,,
81,대용량 데이터베이스솔루션. 2,이화식,엔코아컨설팅,,,,데이터베이스,,,,,,,,,,,,,,,,,
82,대학생을 위한 실용금융,,금융감독원,,,,스타트업/경제/경영,,,,,,,,,,,,,,,,,
83,대한민국 국가미래교육전략 새 교육 패러다임 수용성 교육 중심으로,KAIST 문술미래전략대학원 미래전략연구센터,김영사,,,,교육,,,,,,,,,,,,,,,,,
84,더 해빙,"이서윤, 홍주연",수오서재,,,,인문학,,,,,,,,,,,,,,,,,
85,데이타베이스 시스템,이석호,정익사,,,,데이터베이스,,,,,,,,,,,,,,,,,
86,데이터 경진대회 1등 솔루션,"김민수1906, Context_KKP, DB분석가, 제주감귤, TNT",위키북스,,,,인공지능/데이터,,,,,,,,,,,,,,,,,
87,데이터 과학 트레이닝 북,"츠카모토 쿠니타카, 야마다 노키라즈, 오오사와 후미타카",인사이트,,,,인공지능/데이터,,,,,,,,,,,,,,,,,
88,데이터 과학을 위한 통계(Practical Statistics for Data Scientists),"피터 브루스, 앤드루 브루스",한빛미디어,,,,인공지능/데이터,,,,,,,,,,,,,,,,,
89,데이터 시각화 교과서,클라우스 윌케,책만,,,,데이터베이스,,,,,,,,,,,,,,,,,
90,데이터 시각화와 탐색 with POWER BI,마경근,영진닷컴,,,,인공지능/데이터,,,,,,,,,,,,,,,,,
91,데이터 통신,Behrouz A. Forouz,McGrawHill,,,,네트워크,,,,,,,,,,,,,,,,,
92,데이터 통신 - 3판,Behrouz A. Forouzan,한국맥그로힐,,,,네트워크,,,,,,,,,,,,,,,,,
93,데이터과학 입문,"레이철 슈트 , 캐시 오닐 ",한빛미디어,,,,인공지능/데이터,,,,,,,,,,,,,,,,,
94,데일 카네기 인간관계론,데일 카네기,현대지성,,,,인문학,,,,,,,,,,,,,,,,,
95,도널드 노먼의 UX 디자인 특강,도널드 노먼,유엑스 리뷰,,,,웹 프로그래밍,,,,,,,,,,,,,,,,,
96,도올의 교육입국론 (증보신판),김용옥,통나무,,,,교육,,,,,,,,,,,,,,,,,
97,독재자의 핸드북,브루스 부에노 데 메스키타,웅진 지식하우스,,,,인문학,,,,,,,,,,,,,,,,,
98,독하게 시작하는 C프로그래밍,최호성,루비페이퍼,,,,프로그래밍 언어,,,,,,,,,,,,,,,,,
99,된다! 유튜브·SNS·콘텐츠 저작권 문제 해결,오승종,이지스퍼블리싱,,,,디자인/자격증,,,,,,,,,,,,,,,,,
100,두근두근 파이썬,천인국,생능출판사,,,,프로그래밍 언어,,,,,,,,,,,,,,,,,
101,디버깅을 통해 배우는 리눅스 커널의 구조와 원리 1권,김동현,위키북스,,,,운영체제/컴퓨터시스템,,,,,,,,,,,,,,,,,
102,디버깅을 통해 배우는 리눅스 커널의 구조와 원리 2권,김동현,위키북스,,,,운영체제/컴퓨터시스템,,,,,,,,,,,,,,,,,
103,디자인 씽킹 바이블 - 비즈니스의 디자인,로저 마틴,유엑스리뷰,,,,인문학,,,,,,,,,,,,,,,,,
104,"디지털 논리회로 - 이론, 실습, 시뮬레이션, 개정3판","홍경호,임석구 ",한빛아카데미(교재),,,,운영체제/컴퓨터시스템,,,,,,,,,,,,,,,,,
105,디지털 디자인,M. Morris Mano 외 1,교보문고,,,,운영체제/컴퓨터시스템,,,,,,,,,,,,,,,,,
106,딥러닝 첫걸음,김성필,한빛미디어,,,,인공지능/데이터,,,,,,,,,,,,,,,,,
107,딥러닝을 위한 선형대수학,길버트 스트랭,한빛아카데미,,,,인공지능/데이터,,,,,,,,,,,,,,,,,
108,라즈베리 파이와 슈퍼컴퓨팅,애쉬윈 파얀카,에이콘출판사,,,,운영체제/컴퓨터시스템,,,,,,,,,,,,,,,,,
109,러닝 아카: 더 비기닝,제이슨 굿윈,지앤선,,,,기술 교양,,,,,,,,,,,,,,,,,
110,러닝 HTTP/2,"스티브 루딘, 하비에르 가르사",한빛미디어,,,,웹 프로그래밍,,,,,,,,,,,,,,,,,
111,러닝스쿨!한 권으로 끝내는 HTML+CSS 웹 디자인 입문,Mana,위키북스,,,,디자인/자격증,,,,,,,,,,,,,,,,,
112,레트로의 유니티 게임 프로그래밍 에센스 - C#으로 배우는 입문부터 4가지 게임 제작까지,이제민,한빛미디어,,,,게임개발/모바일,,,,,,,,,,,,,,,,,
113,"로봇 시대, 인간의 일 - 인공지능 시대를 살아가야 할 이들을 위한 안내서",구본권,어크로스,,,,기술 교양,,,,,,,,,,,,,,,,,
114,로봇수업,존 조던,사이언스 북스,,,,인공지능/데이터,,,,,,,,,,,,,,,,,
115,"룬샷 - 전쟁, 질병, 불황의 위기를 승리로 이끄는 설계의 힘",사피 바칼,흐름출판,,,,인문학,,,,,,,,,,,,,,,,,
116,리눅스 커널 내부구조,"백승재, 채종무",아티오,,,,운영체제/컴퓨터시스템,,,,,,,,,,,,,,,,,
117,리눅스 커널 심층 분석,로버트 러브,에이콘,,,,운영체제/컴퓨터시스템,,,,,,,,,,,,,,,,,
118,리뷰의 기술 - 건강한 소프트웨어를 위한 설계 리뷰 바로잡기,모리사키 슈지,제이펍,,,,기술 교양,,,,,,,,,,,,,,,,,
119,리얼월드 HTTP,시부카와 요시키,한빛미디어,,,,웹 프로그래밍,,,,,,,,,,,,,,,,,
120,리팩터링 2판,마틴 파울러,한빛미디어,,,,소프트웨어공학,,,,,,,,,,,,,,,,,
121,린 스타트업,에릭 리스,인사이트,,,,스타트업/경제/경영,,,,,,,,,,,,,,,,,
122,마스터링 이더리움 스마트 컨트랙트 및 댑 구축하기,"안드레아스 M. 안토노풀로스, 개빈 우드",제이펍,,,,미분류,,,,,,,,,,,,,,,,,
123,마스터링 이더리움,"안드레아스 M, 안토노풀로스, 개빈 우드",제이펍,,,,운영체제/컴퓨터시스템,,,,,,,,,,,,,,,,,
124,"마인드스톰 - 어린이, 컴퓨터, 배움 그리고 강력한 아이디어",시모어 패퍼트,인사이트,,,,교육,,,,,,,,,,,,,,,,,
125,마츠모토 유키히로의 프로그래밍 언어 만들기,마츠모토 유키히로,에이콘출판,,,,프로그래밍 언어,,,,,,,,,,,,,,,,,
126,마케팅이다,세스고딘,샘앤파커스,,,,인문학,,,,,,,,,,,,,,,,,
127,만들면서 배우는 Git + GitHub 입문,윤웅식,한빛미디어,,,,조직/실무,,,,,,,,,,,,,,,,,
128,말의 품격,이기주,황소북스,,,,인문학,,,,,,,,,,,,,,,,,
129,맛있는 디자인 포토샵 & 일러스트레이터 CC 2020,빨간고래(박정아),한빛미디어,,,,디자인/자격증,,,,,,,,,,,,,,,,,
130,맨먼스 미신 - 소프트웨어 공학에 관한 에세이 : The Mythical Man-Month,프레더릭 브룩스,인사이트,,,,소프트웨어공학,,,,,,,,,,,,,,,,,
131,"머신 러닝 교과서 With 파이썬, 사이킷런, 텐서플로",세바스찬,길벗,,,,인공지능/데이터,,,,,,,,,,,,,,,,,
132,머신 플랫폼 크라우드,"앤드루 맥아피, 에릭 브린올프슨",청림출판,,,,기술 교양,,,,,,,,,,,,,,,,,
133,머신러닝을 위한 파이썬  한 조각,박성호,비제이퍼블릭,,,,인공지능/데이터,,,,,,,,,,,,,,,,,
134,멀티플레이어 게임 프로그래밍,"조슈아 글레이저, 산제이 마드하브",길벗,,,,게임개발/모바일,,,,,,,,,,,,,,,,,
135,"멈추면, 비로소 보이는 것들",혜민,수오서재,,,,인문학,,,,,,,,,,,,,,,,,
136,메이크코드 & 마인크래프트 에듀케이션 에디션 - 입문편,"나상호, 백순훈, 신윤철, 이상민, 최성권",테크빌교육,,,,교육,,,,,,,,,,,,,,,,,
137,메이크코드 & 마인크래프트 에듀케이션 에디션 - 활용편,"나상호, 백순훈, 신윤철, 이상민, 최성권",테크빌교육,,,,교육,,,,,,,,,,,,,,,,,
138,명품 C++ Programming,황기태,생능출판사,,,,프로그래밍 언어,,,,,,,,,,,,,,,,,
139,모던 웹 디자인을 위한 HTML5 + CSS3 입문,윤인성,한빛미디어,,,,웹 프로그래밍,,,,,,,,,,,,,,,,,
140,모던 자바스크립트 Deep Dive,이응모,위키북스,,,,프로그래밍 언어,,,,,,,,,,,,,,,,,
141,모두의 네트워크,미즈구치 카츠야,길벗,,,,네트워크,,,,,,,,,,,,,,,,,
142,모두의 데이터 과학 with 파이썬,드미트리 지노비에프,길벗,,,,인공지능/데이터,,,,,,,,,,,,,,,,,
143,모두의 데이터분석 with 파이썬,"송석리, 이현아",길벗,,,,인공지능/데이터,,,,,,,,,,,,,,,,,
144,모두의 알고리즘 with 자바스크립트,스즈키 코이치,길벗,,,,자료구조/알고리즘,,,,,,,,,,,,,,,,,
145,모두의 알고리즘 with 파이썬,이승찬,길벗,,,,자료구조/알고리즘,,,,,,,,,,,,,,,,,
146,모두의 인공지능 기초 수학,서지영,길벗,,,,수학,,,,,,,,,,,,,,,,,
147,모두의 SQL,김도연,길벗,,,,데이터베이스,,,,,,,,,,,,,,,,,
148,모바일 미래보고서 2021,커넥팅랩,비즈니스북스,,,,기술 교양,,,,,,,,,,,,,,,,,
149,모바일 UI/UX 디자인 실무,이영주,한빛아카데미,,,,디자인/자격증,,,,,,,,,,,,,,,,,
150,"문과생, 데이터 사이언티스트 되다",차현나,더퀘스트,,,,기술 교양,,,,,,,,,,,,,,,,,
151,"문과생, 데이터 사이언티스트 되다 ",차현나,더퀘스트,,,,기술 교양,,,,,,,,,,,,,,,,,
152,"미국, 프랑스, 영국 교육제도",정일용,서울대학교출판문화원,,,,인문학,,,,,,,,,,,,,,,,,
153,미래 학교 - 학교는 사라지지 않는다,"엄윤미,한성은",스리체어스,,,,교육,,,,,,,,,,,,,,,,,
154,미래교육 미래학교,"박희진,신건철,최선경,오우진,정동완",미디어숲,,,,교육,,,,,,,,,,,,,,,,,
155,미래를 바꾼 아홉 가지 알고리즘,존 맥코믹,에이콘출판,,,,기술 교양,,,,,,,,,,,,,,,,,
156,"미래를 사는 도시, 선전",조상래,스리체어스,,,,인문학,,,,,,,,,,,,,,,,,
157,"미래의 교육, 올린 현존하는 가장 이상적인 학교",조봉수,스리체어스,,,,교육,,,,,,,,,,,,,,,,,
158,"미래의 교육을 설계한다 - 문제 풀이 수업에서 문제 해결 교육으로, 개인적 성취에서 사회적 실현으로",마크 프렌스키,한문화,,,,교육,,,,,,,,,,,,,,,,,
159,밑바닥부터 시작하는 데이터 과학,조엘 그루스,프로그래밍인사이트,,,,인공지능/데이터,,,,,,,,,,,,,,,,,
160,밑바닥부터 시작하는 딥러닝,사이토 고키,한빛미디어,,,,인공지능/데이터,,,,,,,,,,,,,,,,,
161,밑바닥부터 시작하는 딥러닝 2권,사이토 고키,한빛미디어,,,,인공지능/데이터,,,,,,,,,,,,,,,,,
162,바로바로 HTML5 - 필요한 것만 골라서 빠르게 써먹는,"김지훈,김도균,이현우,진정원 ",지&선(지앤선),,,,웹 프로그래밍,,,,,,,,,,,,,,,,,
163,발터 벤야민 선집 2 기술복제시대의 예술작품 사진의 작은 역사 외,발터 벤야민,도서출판 길,,,,인문학,,,,,,,,,,,,,,,,,
164,배워서 바로 쓰는 스프링 프레임워크,"애시시 사린, 제이 샤르마",한빛미디어,,,,웹 프로그래밍,,,,,,,,,,,,,,,,,
165,백년운동,정선근,아티잔,,,,조직/실무,,,,,,,,,,,,,,,,,
166,벤처 창업 경영론 - 제2판,성태경,정독(마인드탭(MindTap)),,,,스타트업/경제/경영,,,,,,,,,,,,,,,,,
167,벤처창업과 투자전략 - 개정판,정종용,무역경영사,,,,스타트업/경제/경영,,,,,,,,,,,,,,,,,
168,보고서 작성 실무 강의,홍장표,한빛미디어,,,,조직/실무,,,,,,,,,,,,,,,,,
169,보랏빛 소가 온다 2,세스 고딘,재인,,,,스타트업/경제/경영,,,,,,,,,,,,,,,,,
170,보이스 트레이닝,배윤희,시대인,,,,인문학,,,,,,,,,,,,,,,,,
171,보통의 언어들,김이나,위즈덤하우스,,,,인문학,,,,,,,,,,,,,,,,,
172,복지국가와 사회,견진만,윤성사,,,,인문학,,,,,,,,,,,,,,,,,
173,부트스트랩 사용자 가이드 - 간편한 웹 애플리케이션 개발을 위한,이동팔 (지은이),지&선(지앤선),,,,웹 프로그래밍,,,,,,,,,,,,,,,,,
174,브랜드 갭,마티 뉴마이어,알키,,,,스타트업/경제/경영,,,,,,,,,,,,,,,,,
175,브루스 테이트의 세븐 랭귀지,브루스 테이트,한빛미디어,,,,프로그래밍 언어,,,,,,,,,,,,,,,,,
176,비욘드,크리스 임피,시공사,,,,기술 교양,,,,,,,,,,,,,,,,,
177,비전공자를 위한 이해할 수 있는 IT 지식,최원영,티더블유아이지 |,,,,기술 교양,,,,,,,,,,,,,,,,,
178,비즈니스 글쓰기 상식사전,송세진,길벗,,,,인문학,,,,,,,,,,,,,,,,,
179,비즈니스 모델의 탄생,알렉산더 오스터왈더,타임비즈,,,,스타트업/경제/경영,,,,,,,,,,,,,,,,,
180,"빅데이터, 사람을 읽다",임세현 외 3,BC카드,,,,인공지능/데이터,,,,,,,,,,,,,,,,,
181,빅데이터분석기사 한권으로 끝내기,"정혜정, 장희선",시대고시기획,,,,디자인/자격증,,,,,,,,,,,,,,,,,
182,사랑 수업,윤홍균,심플라이프,,,,인문학,,,,,,,,,,,,,,,,,
183,사랑의 기술,에리히 프롬,문예출판사,,,,인문학,,,,,,,,,,,,,,,,,
184,사업보험,"엄정한, 유철현, 황교광",초록비책공방,,,,스타트업/경제/경영,,,,,,,,,,,,,,,,,
185,사용자경험 리서치 매뉴얼,"김승인,안지현",지&선(지앤선),,,,조직/실무,,,,,,,,,,,,,,,,,
186,삼성 소프트웨어 역량 테스트,"김수형, 문형진, 최종원, 하은용",와우패스,,,,자료구조/알고리즘,,,,,,,,,,,,,,,,,
187,삼성의 임원은 어떻게 일하는가,김종원,넥서스BIZ,,,,자기계발,,,,,,,,,,,,,,,,,
188,상상하지 말라,송길영,북스톤,,,,스타트업/경제/경영,,,,,,,,,,,,,,,,,
189,새로쓴 대용량 데이터베이스 솔루션 Vol.1,이화식,엔코아정보컨설팅,,,,데이터베이스,,,,,,,,,,,,,,,,,
190,새로운 CSS 레이아웃,레이철 앤드루,웹액츄얼리코리아,,,,웹 프로그래밍,,,,,,,,,,,,,,,,,
191,생각의 탄생,로버트 루트번스타인 과 미셸 루트 번스타인,에코의 서재,,,,인문학,,,,,,,,,,,,,,,,,
192,생활코딩! HTML+CSS+자바스크립트,이고잉,위키북스,,,,웹 프로그래밍,,,,,,,,,,,,,,,,,
193,서번트 리더십,제임스 C. 헌터,시대의 창,,,,스타트업/경제/경영,,,,,,,,,,,,,,,,,
194,성공하는 스타트업을 위한 101가지 비즈니스 모델 이야기,"남대희, 김주희, 정지혜, 정혜민, 이계원",한스미디어,,,,스타트업/경제/경영,,,,,,,,,,,,,,,,,
195,성당과 시장 : 우연한 혁명으로 일어난 리눅스와 오픈소스에 대한 생각 (영문) the cathedral & the bazaar,에릭 레이먼드,한빛미디어,,,,기술 교양,,,,,,,,,,,,,,,,,
196,성당과 시장 : 우연한 혁명으로 일어난 리눅스와 오픈소스에 대한 생각,에릭 레이먼드,한빛미디어,,,,기술 교양,,,,,,,,,,,,,,,,,
197,성적 없는 성적표,류태호,경희대학교 출판문화원,,,,교육,,,,,,,,,,,,,,,,,
198,세계 최고의 인재들은 왜 기본에 집중할까,도쓰카 다카마사,비즈니스북스,,,,교육,,,,,,,,,,,,,,,,,
199,세상에서 가장 쉬운 회의 퍼실리테이션,사카마키 료,이다미디어,,,,인문학,,,,,,,,,,,,,,,,,
200,"세상을 바꾸는 수업, 체인지메이커 교육",이은상,푸른칠판,,,,교육,,,,,,,,,,,,,,,,,
201,세상을 바꾸는 Start up!,주형철,로크미디어,,,,자기계발,,,,,,,,,,,,,,,,,
202,세인트존스의 고전 100권 공부법,조한별,바다출판사,,,,인문학,,,,,,,,,,,,,,,,,
203,센서티브 - 남들보다 민감한 사람을 위한 섬세한 심리학,일자 샌드,다산지식하우스,,,,인문학,,,,,,,,,,,,,,,,,
204,센스 오브 원더,레이첼 커슨,에코리브르,,,,인문학,,,,,,,,,,,,,,,,,
205,소비 수업,윤태영,문예출판사,,,,인문학,,,,,,,,,,,,,,,,,
206,소셜픽션 지금 세계는 무엇을 상상하고 있는가,이원재,어크로스,,,,스타트업/경제/경영,,,,,,,,,,,,,,,,,
207,소프트 스킬,존 손메즈,길벗,,,,자기계발,,,,,,,,,,,,,,,,,
208,소프트웨어 공학의 모든 것,최은만,생능출판사,,,,소프트웨어공학,,,,,,,,,,,,,,,,,
209,소프트웨어 교육 방법,"한선관,류미영",생능출판사,,,,교육,,,,,,,,,,,,,,,,,
210,소프트웨어 아키텍트가 알아야 할 97가지,Richard Monson-Haefel,지&선(지앤선),,,,소프트웨어공학,,,,,,,,,,,,,,,,,
211,"소프트웨어 장인 - 프로페셔널리즘, 실용주의, 자부심",산드로 만쿠소,길벗,,,,기술 교양,,,,,,,,,,,,,,,,,
212,소프트웨어 중심사회의 컴퓨터 개론,"강환수,조진형,신용현,강환일",인피니티북스,,,,컴퓨터 개론,,,,,,,,,,,,,,,,,
213,손에 잡히는 Vim,김선영,인사이트,,,,운영체제/컴퓨터시스템,,,,,,,,,,,,,,,,,
214,송쌤의 엔트리 코딩 학교,송상수,제이펍,,,,프로그래밍 언어,,,,,,,,,,,,,,,,,
215,수평 조직의 구조,김성남,스리체어스,,,,조직/실무,,,,,,,,,,,,,,,,,
216,수학 리부트 - 프로그래머를 위한 기초 수학,강중빈,인사이트,,,,수학,,,,,,,,,,,,,,,,,
217,숫자에 약한 사람들을 위한 통계학 수업,데이비드 스피겔할터,웅진지식하우스,,,,수학,,,,,,,,,,,,,,,,,
218,쉽게 배우는 소프트웨어 공학,김치수,한빛아카데미(교재),,,,소프트웨어공학,,,,,,,,,,,,,,,,,
219,쉽게 배우는 자바 프로그래밍 2판,우종정,한빛아카데미,,,,프로그래밍 언어,,,,,,,,,,,,,,,,,
220,"슈퍼 인텔리전스: 경로, 위험, 전략",닉 보스트롬,까치,,,,인공지능/데이터,,,,,,,,,,,,,,,,,
221,스마트 코리아로 가는 길 유라시안 네트워크,이민화,새물결,,,,스타트업/경제/경영,,,,,,,,,,,,,,,,,
222,스위프트 프로그래밍 3판,야곰 (지은이),한빛미디어,,,,게임개발/모바일,,,,,,,,,,,,,,,,,
223,스위프트로 아이폰 앱 만들기 입문 - 개정 4판,"송호정, 이범근",이지스퍼블리싱,,,,게임개발/모바일,,,,,,,,,,,,,,,,,
224,스윗한 SwiftUI,이봉원,비제이퍼블릭(BJ퍼블릭),,,,게임개발/모바일,,,,,,,,,,,,,,,,,
225,스켑틱 회의주의자의 사고법,마이클 셔머,바다출판사,,,,인문학,,,,,,,,,,,,,,,,,
226,스타트업 101,하세가와 가쓰야,호이테북스,,,,스타트업/경제/경영,,,,,,,,,,,,,,,,,
227,스타트업 1년 차입니다 - 조성주의 스타트업 코칭,조성주,천그루숲,,,,스타트업/경제/경영,,,,,,,,,,,,,,,,,
228,스타트업 가이드 7,전화성,이콘,,,,스타트업/경제/경영,,,,,,,,,,,,,,,,,
229,스타트업 백서,김건우,슬기북스,,,,스타트업/경제/경영,,,,,,,,,,,,,,,,,
230,스타트업 법률 가이드 2.0,스타트업법률지원단,박영사,,,,스타트업/경제/경영,,,,,,,,,,,,,,,,,
231,스타트업 CEO를 위한 모든 것,양준철,지앤선,,,,스타트업/경제/경영,,,,,,,,,,,,,,,,,
232,스타트업 CFO와 창업재무,심규태,한국경제신문i,,,,스타트업/경제/경영,,,,,,,,,,,,,,,,,
233,"스타트업, 서비스를 디자인하다",이웨이 첸,지앤선,,,,스타트업/경제/경영,,,,,,,,,,,,,,,,,
234,스타트업은 어떻게 유니콘이 되는가 - 극사실주의 스타트업 흥망성쇠의 기록,최정우,쌤앤파커스,,,,스타트업/경제/경영,,,,,,,,,,,,,,,,,
235,스토리텔링을 통한 공간의 가치,이창민,(주)위에스앤에스,,,,인문학,,,,,,,,,,,,,,,,,
236,스트리밍 이후의 플랫폼,노창희,스리체어스,,,,스타트업/경제/경영,,,,,,,,,,,,,,,,,
237,스틱!,"칩 히스, 댄 히스",엘도라도,,,,자기계발,,,,,,,,,,,,,,,,,
238,스페이스 미션,크리스 임피,플루토,,,,인문학,,,,,,,,,,,,,,,,,
239,스페이스 브랜딩,김주연,스리체어스,,,,인문학,,,,,,,,,,,,,,,,,
240,시작하세요! 도커/쿠버네티스 - 친절한 설명으로 쉽게 이해하는 컨테이너 관리,용찬호 (지은이),위키북스,,,,클라우드,,,,,,,,,,,,,,,,,
241,시작하세요! 도커/쿠버네티스,용찬호,위키북스,,,,클라우드,,,,,,,,,,,,,,,,,
242,실리콘밸리 개발 방법으로 배우는리액트 프로그래밍 정석,박호준,이지스퍼블리싱,,,,웹 프로그래밍,,,,,,,,,,,,,,,,,
243,실습과 그림으로 배우는 리눅스 구조,다케우치 사토루,한빛미디어,,,,운영체제/컴퓨터시스템,,,,,,,,,,,,,,,,,
244,실용주의 프로그래머 : The Pragmatic Programmer: From Journeyman to Master,"앤드류 헌트, 데이비드 토머스",인사이트,,,,소프트웨어공학,,,,,,,,,,,,,,,,,
245,실전 IoT 네트워크 프로그래밍,피터 웨허,에이콘출판,,,,네트워크,,,,,,,,,,,,,,,,,
246,아비투스,도리스 메르틴,다산북스,,,,자기계발,,,,,,,,,,,,,,,,,
247,"아이패드, 스마트폰, 컴퓨터 어디서나 SketchBook으로 시작하는 똥손 탈출 100일 100 드로잉",정진호,제이펍,,,,디자인/자격증,,,,,,,,,,,,,,,,,
248,아티스트 웨이,줄리아 카메론,경당,,,,인문학,,,,,,,,,,,,,,,,,
249,아프니까 청춘이다,김난도,쌤엔파커스,,,,자기계발,,,,,,,,,,,,,,,,,
250,안드로이드 앱 프로그래밍 5판,정재곤,이지스퍼블리싱,,,,게임개발/모바일,,,,,,,,,,,,,,,,,
251,알고리즘 기초,Richard Neapolitan,홍릉(홍릉과학출판사),,,,자료구조/알고리즘,,,,,,,,,,,,,,,,,
252,알고리즘 문제 해결 전략 1,구종만,인사이트,,,,자료구조/알고리즘,,,,,,,,,,,,,,,,,
253,알고리즘 문제 해결 전략 2,구종만,인사이트,,,,자료구조/알고리즘,,,,,,,,,,,,,,,,,
254,"알고리즘으로 배우는 인공지능, 머신러닝, 딥러닝 입문",김의중,위키북스,,,,인공지능/데이터,,,,,,,,,,,,,,,,,
255,알고리즘이 욕망하는 것들,에드 핀,한빛미디어,,,,자료구조/알고리즘,,,,,,,,,,,,,,,,,
256,알기쉬운 역량모델링,Anntoinette D. Lucia,피에스아이컨설팅(PSI컨설팅),,,,인문학,,,,,,,,,,,,,,,,,
257,애자일 & 스크럼 프로젝트 관리,이재왕,길벗,,,,소프트웨어공학,,,,,,,,,,,,,,,,,
258,앨런 튜링,잭 코플랜드,지식함지,,,,인공지능/데이터,,,,,,,,,,,,,,,,,
259,어른의 어휘력,유선경,앤의서재,,,,인문학,,,,,,,,,,,,,,,,,
260,언컨택트 Uncontact - 더 많은 연결을 위한 새로운 시대 진화 코드,김용섭,퍼블리온,,,,인문학,,,,,,,,,,,,,,,,,
261,업무와 일상을 정리하는 새로운 방법 Notion 개정판,"전시진, 이해봄",제이펍,,,,기술 교양,,,,,,,,,,,,,,,,,
262,업무와 일상을 정리하는 새로운 방법 Notion,"전시진, 이해봄",제이펍,,,,기술 교양,,,,,,,,,,,,,,,,,
263,에고라는 적,라이언 홀리데이,흐름출판,,,,인문학,,,,,,,,,,,,,,,,,
264,에이트 씽크,이지성,차이정원,,,,자기계발,,,,,,,,,,,,,,,,,
265,엔트로피,제레미 리프킨,세종연구원,,,,인문학,,,,,,,,,,,,,,,,,
266,엘레강트 오브젝트 새로운 관점에서 바라본 객체지향,Yegor Bugayenko,지앤선,,,,,,,,,,,,,,,,,,,,,
267,여행의 이유,김영하,문학동네,,,,인문학,,,,,,,,,,,,,,,,,
268,역사 속의 소프트웨어 오류,김종하,에이콘출판,,,,기술 교양,,,,,,,,,,,,,,,,,
269,역사 속의 시간 시간 속의 역사,고석규,느낌이있는책,,,,인문학,,,,,,,,,,,,,,,,,
270,연구개발도 예술이다,김석기,나남출판,,,,스타트업/경제/경영,,,,,,,,,,,,,,,,,
271,열씨미와 게을러의 리눅스 개발 노하우 탐험기,박재호,한빛미디어,,,,기술 교양,,,,,,,,,,,,,,,,,
272,영혼 있는 노동,"이철수, 이다혜",스리체어스,,,,인문학,,,,,,,,,,,,,,,,,
273,예측 기계,"어제이 애그러월,조슈아 갠스,아비 골드파브",생각의힘,,,,인공지능/데이터,,,,,,,,,,,,,,,,,
274,오래된 비밀 - 대한민국 상위 1%의 멘토가 말하는 운의 원리,이정일,이다미디어,,,,인문학,,,,,,,,,,,,,,,,,
275,오브젝트,조영호,위키북스,,,,소프트웨어공학,,,,,,,,,,,,,,,,,
276,오픈 소스 소프트웨어로 실습하는 소프트웨어 공학,정인상 (지은이),생능출판사,,,,소프트웨어공학,,,,,,,,,,,,,,,,,
277,오픈 소스로 미래를 연마하라,VM(비키) 브라수어,인사이트,,,,소프트웨어공학,,,,,,,,,,,,,,,,,
278,오픈소스 파워툴 - 생산성을 높여주는 오픈소스 개발 환경 구축과 관리,"한동준,김도균 (지은이)",지&선(지앤선),,,,기술 교양,,,,,,,,,,,,,,,,,
279,오픈스택 인 액션 - 상용 수준의 자체 클라우드를 구축하는 단계별 지침,코디 범가드너,한빛미디어,,,,클라우드,,,,,,,,,,,,,,,,,
280,오픈스택을 다루는 기술,장현정,길벗,,,,클라우드,,,,,,,,,,,,,,,,,
281,완벽한 IT 인프라 구축을 위한 Docker - 2판 A,아사 시호 (지은이),정보문화사,,,,클라우드,,,,,,,,,,,,,,,,,
282,요약집 Java의 정석,남궁성,도우출판,,,,프로그래밍 언어,,,,,,,,,,,,,,,,,
283,우리 아이 AI,박찬,다빈치books,,,,교육,,,,,,,,,,,,,,,,,
284,우리가 꿈꾸는 나라,노회찬,창비,,,,인문학,,,,,,,,,,,,,,,,,
285,우지은의 힐링 보이스,우지은,더블유북스,,,,인문학,,,,,,,,,,,,,,,,,
286,운 좋은 기업에서 위대한 기업으로,주디스 허위츠,애플트리테일즈,,,,스타트업/경제/경영,,,,,,,,,,,,,,,,,
287,운영체제 - 9th edition,"Silberschatz , Peter B. Galvin , Greg Gagne",교보문고,,,,자료구조/알고리즘,,,,,,,,,,,,,,,,,
288,원 포인트 K-스타트업 창업,이홍철,지와수,,,,스타트업/경제/경영,,,,,,,,,,,,,,,,,
289,웹 데이터 분석학 - 인사이트 기반의 온라인 마케팅과 운영을 위한,아아비나쉬 카우쉭,에이콘출판,,,,인공지능/데이터,,,,,,,,,,,,,,,,,
290,웹 해킹 & 보안 완벽 가이드,"데피드 스터타드, 마커스 핀토",에이콘,,,,미분류,,,,,,,,,,,,,,,,,
291,웹으로 시작하는 모바일 게임 - 뛰어난 성능의 쉽고 가벼운 HTML5 게임 만들기,"배철민,윤정민,신호철",지&선(지앤선),,,,게임개발/모바일,,,,,,,,,,,,,,,,,
292,위기의 한국사회 진단,견진만,윤성사,,,,인문학,,,,,,,,,,,,,,,,,
293,유닉스 리눅스 사용에서 프로그래밍까지,창병모,생능출판사,,,,운영체제/컴퓨터시스템,,,,,,,,,,,,,,,,,
294,유닉스의 탄생,브라이언 커니핸,한빛미디어,,,,운영체제/컴퓨터시스템,,,,,,,,,,,,,,,,,
295,유튜브 영상 편집을 위한 프리미어 프로,조블리(조애리),제이펍,,,,디자인/자격증,,,,,,,,,,,,,,,,,
296,유튜브는 책을 집어삼킬 것인가,"김성우,엄기호",따비,,,,디자인/자격증,,,,,,,,,,,,,,,,,
297,윤성우의 열혈 C++ 프로그래밍,윤성우,오렌지미디어,,,,프로그래밍 언어,,,,,,,,,,,,,,,,,
298,윤성우의 열혈 JAVA프로그래밍,윤성우,오렌지 미디어,,,,프로그래밍 언어,,,,,,,,,,,,,,,,,
299,은하수를 여행하는 히치하이커를 위한 안내서 (합본),더글러스 애덤스,책세상,,,,인문학,,,,,,,,,,,,,,,,,
300,은하수를 여행하는 히치하이커를 위한 안내서 1권,더글러스 애덤스,책세상,,,,인문학,,,,,,,,,,,,,,,,,
301,은하수를 여행하는 히치하이커를 위한 안내서 2권,더글러스 애덤스,책세상,,,,인문학,,,,,,,,,,,,,,,,,
302,은하수를 여행하는 히치하이커를 위한 안내서 3권,더글러스 애덤스,책세상,,,,인문학,,,,,,,,,,,,,,,,,
303,은하수를 여행하는 히치하이커를 위한 안내서 4권,더글러스 애덤스,책세상,,,,인문학,,,,,,,,,,,,,,,,,
304,은하수를 여행하는 히치하이커를 위한 안내서 5권,더글러스 애덤스,책세상,,,,인문학,,,,,,,,,,,,,,,,,
305,의사결정 Toolkit 100,동아일보미래전략연구소,동아일보미래전략연구소,,,,자기계발,,,,,,,,,,,,,,,,,
306,이것이 인공지능이다,김명락,슬로디미디어,,,,기술 교양,,,,,,,,,,,,,,,,,
307,이것이 취업을 위한 코딩 테스트다,나동빈,한빛미디어,,,,자료구조/알고리즘,,,,,,,,,,,,,,,,,
308,이광형 교수의 3차원 창의력 개발법,이광형,비즈니스맵,,,,자기계발,,,,,,,,,,,,,,,,,
309,이득우의 언리얼 C++ 게임 개발의 정석,이득우,에이콘출판,,,,게임개발/모바일,,,,,,,,,,,,,,,,,
310,이러닝과 저작권법 - 이러닝 사업자와 콘텐츠 저작권자를 위한 쟁점과 사례,김윤명,커뮤니케이션북스,,,,기술 교양,,,,,,,,,,,,,,,,,
311,이렇게 쉬운 통계학,혼마루 료,한빛미디어,,,,수학,,,,,,,,,,,,,,,,,
312,이상한 나라의 경제학,이원재,어크로스,,,,스타트업/경제/경영,,,,,,,,,,,,,,,,,
313,이솝우화에서 배우는 33역량,신호종,넥서스BIZ,,,,자기계발,,,,,,,,,,,,,,,,,
314,이지성의 꿈꾸는 다락방,이지성,차이정원,,,,인문학,,,,,,,,,,,,,,,,,
315,이펙티브 자바 Effective Java 3/E,조슈아 블로크 저,인사이트,,,,프로그래밍 언어,,,,,,,,,,,,,,,,,
316,"인 더 플렉스 - 0과 1로 세상을 바꾼 구글, 그 모든 이야기",스티븐 레비,에이콘출판,,,,인문학,,,,,,,,,,,,,,,,,
317,인간을 위한 미래,김도현 외 7명,클라우드 나인,,,,인문학,,,,,,,,,,,,,,,,,
318,인공지능 70 - 재미있게 알아보는 AI 키워드,"모리카와 유키히토,미야케 요이치로",제이펍,,,,인공지능/데이터,,,,,,,,,,,,,,,,,
319,인공지능 비즈니스 트렌드,테크니들,와이즈맵,,,,인공지능/데이터,,,,,,,,,,,,,,,,,
320,"인공지능의 시대, 인간을 다시 묻다",김재인,동아시아,,,,기술 교양,,,,,,,,,,,,,,,,,
321,인공지능의 윤리학,"이중원,고인석,이영의,천현득,목광수,박충식,이상욱,신상규,정재현",한울(한울아카데미),,,,인문학,,,,,,,,,,,,,,,,,
322,인공지능이 나하고 무슨 관계지?,이장우,올림,,,,인공지능/데이터,,,,,,,,,,,,,,,,,
323,인더스트리 4.0,롤란트 하이델,호이테북스,,,,소프트웨어공학,,,,,,,,,,,,,,,,,
324,"인문학도, 개발자가 되다",마르코,영진닷컴,,,,기술 교양,,,,,,,,,,,,,,,,,
325,인생은 지름길이 없다,스웨이,정민미디어,,,,인문학,,,,,,,,,,,,,,,,,
326,인텔 프로세서를 위한 시스템 프로그래밍,"조충호, 황의석",생능출판사,,,,운영체제/컴퓨터시스템,,,,,,,,,,,,,,,,,
327,일 잘하는 사람은 단순하게 말합니다,박소연,더퀘스트,,,,조직/실무,,,,,,,,,,,,,,,,,
328,일빵빵 영어회화,서장혁,토마토출판사,,,,미분류,,,,,,,,,,,,,,,,,
329,"일잘러의 비밀, 구글 스프레드시트 제대로 파헤치기",강남석,한빛미디어,,,,조직/실무,,,,,,,,,,,,,,,,,
330,읽기만 하면 내 것이 되는 1페이지 철학 365,최훈,비에이블,,,,인문학,,,,,,,,,,,,,,,,,
331,임베디드 시스템을 위한 C프로그래밍 기법,미우라 하지메,FREELEC,,,,프로그래밍 언어,,,,,,,,,,,,,,,,,
332,임유정의 목소리 트레이닝,임유정,원앤원북스,,,,자기계발,,,,,,,,,,,,,,,,,
333,자바스크립트 닌자 비급,"베어 바이볼트,존 레식 (지은이)",인사이트,,,,프로그래밍 언어,,,,,,,,,,,,,,,,,
334,자바스크립트는 왜 그 모양일까?,더글러스 크락포드,인사이트,,,,프로그래밍 언어,,,,,,,,,,,,,,,,,
335,자바스크립트로 하는 자료 구조와 알고리즘,배세민,에이콘출판사,,,,자료구조/알고리즘,,,,,,,,,,,,,,,,,
336,작은 도시 큰 기업,모종린,알에이치코리아,,,,인문학,,,,,,,,,,,,,,,,,
337,장병규의 스타트업 한국 - 크래프톤 의장 장병규의 스타트업 입문서,장병규,넥서스BIZ,,,,스타트업/경제/경영,,,,,,,,,,,,,,,,,
338,재무제표 모르면 주식투자 절대로 하지마라,사경인,베가북스,,,,스타트업/경제/경영,,,,,,,,,,,,,,,,,
339,재미있는 임베디드 시스템 디자인,아놀드 S 버거,CMP 북스,,,,운영체제/컴퓨터시스템,,,,,,,,,,,,,,,,,
340,재택근무 바이블,조코디,디지털북스,,,,운영체제/컴퓨터시스템,,,,,,,,,,,,,,,,,
341,전지적 짝사랑 시점,이나은,나무의철학,,,,인문학,,,,,,,,,,,,,,,,,
342,정보보안기사&산업기사 실기 문제편,"정일영, 강재순, 조현준",도서출판탑스팟,,,,디자인/자격증,,,,,,,,,,,,,,,,,
343,정보보안기사&산업기사 실기 이론편,"정일영, 강재순, 조현준",도서출판탑스팟,,,,디자인/자격증,,,,,,,,,,,,,,,,,
344,정보처리 산업기사 실기 1권 실무 알고리즘 일반,"한기준, 김기윤, 길정준, 강윤석",길벗알앤디,,,,디자인/자격증,,,,,,,,,,,,,,,,,
345,"정보처리 산업기사 실기 2권 데이터베이스, 업무 프로세스,  IT 신기술 동향, 전산 영어","한기준, 김기윤, 길정준, 강윤석",길벗알앤디,,,,디자인/자격증,,,,,,,,,,,,,,,,,
346,정보처리 산업기사 실기 3권 기출문제집,"한기준, 김기윤, 길정준, 강윤석",길벗알앤디,,,,디자인/자격증,,,,,,,,,,,,,,,,,
347,정석용의 TCP/IP 소켓 프로그래밍,정석용,프리렉,,,,네트워크,,,,,,,,,,,,,,,,,
348,정의란 무엇인가,마이클 센델,와이즈베리,,,,인문학,,,,,,,,,,,,,,,,,
349,제2의 기계 시대 - 인간과 기계의 공생이 시작된다,"에릭 브린욜프슨,앤드루 맥아피",청림출판,,,,기술 교양,,,,,,,,,,,,,,,,,
350,제가 한번 읽어보겠습니다,한승혜,바틀비,,,,인문학,,,,,,,,,,,,,,,,,
351,제록스 팔로알토 연구소 - 저주받은 혁신의 아이콘,마이클 A. 힐트직,지식함지,,,,인문학,,,,,,,,,,,,,,,,,
352,조사방법론,최창현,윤성사,,,,수학,,,,,,,,,,,,,,,,,
353,조엘 온 소프트웨어 - 유쾌한 오프라인 블로그,조엘 스폴스키,에이콘,,,,기술 교양,,,,,,,,,,,,,,,,,
354,조직역량 핵심인재,이홍민,리드리드출판(한국능률협회),,,,조직/실무,,,,,,,,,,,,,,,,,
355,조코디의 G Suite를 이용한 재택근무 바이블,조코디,디지털북스,,,,조직/실무,,,,,,,,,,,,,,,,,
356,종이에 원고를 담아 책으로 엮으면,티피에이코리아,티피에이코리아,,,,디자인/자격증,,,,,,,,,,,,,,,,,
357,주식투자 무작정 따라하기,윤재수,길벗,,,,스타트업/경제/경영,,,,,,,,,,,,,,,,,
358,지구에 대한 의무,"스티븐 부라니,폴 툴리스,조너선 왓츠,다르 자메일",스리체어스,,,,인문학,,,,,,,,,,,,,,,,,
359,지금의 뉴스,박영흠,스리체어스,,,,인문학,,,,,,,,,,,,,,,,,
360,지적 대화를 위한 넓고 얕은 지식 : 제로 편,채사장,웨일북,,,,인문학,,,,,,,,,,,,,,,,,
361,지적 대화를 위한 넓고 얕은 지식 1,채사장,웨일북스,,,,인문학,,,,,,,,,,,,,,,,,
362,지적 대화를 위한 넓고 얕은 지식 2,채사장,웨일북스,,,,인문학,,,,,,,,,,,,,,,,,
363,직장인을 위한 실무 엑셀,선양미,길벗,,,,조직/실무,,,,,,,,,,,,,,,,,
364,진화된 마케팅 그로스 해킹,"션 엘리스, 모건 브라운",골든어페어,,,,스타트업/경제/경영,,,,,,,,,,,,,,,,,
365,"쫄지마, 청춘!","김진각, 박광희",한국인,,,,자기계발,,,,,,,,,,,,,,,,,
366,착한 수학,마크 추 캐롤,지&선(지앤선),,,,기술 교양,,,,,,,,,,,,,,,,,
367,창의성과 영재성,Donald J. Treffinger,학지사,,,,교육,,,,,,,,,,,,,,,,,
368,창의융합 프로젝트 아이디어북,조춘동,한빛아카데미,,,,기술 교양,,,,,,,,,,,,,,,,,
369,처음 시작하는 아이패드 프로크리에이트 드로잉,오유,한즈미디어(한스미디어),,,,디자인/자격증,,,,,,,,,,,,,,,,,
370,처음 시작하는 파이썬,빌 루바노빅,한빛미디어,,,,프로그래밍 언어,,,,,,,,,,,,,,,,,
371,처음부터 제대로 배우는 라라벨,맷 스타우퍼,한빛미디어,,,,웹 프로그래밍,,,,,,,,,,,,,,,,,
372,청소년을 위한 고전혁명,"이지성,황광우",생각학교,,,,인문학,,,,,,,,,,,,,,,,,
373,초연결 사회를 위한 컴퓨터 개론,조성호,한빛아카데미(교재),,,,컴퓨터 개론,,,,,,,,,,,,,,,,,
374,최신선형대수,Howard Anton,교보문고,,,,수학,,,,,,,,,,,,,,,,,
375,친일과 망각,김용진,다람,,,,인문학,,,,,,,,,,,,,,,,,
376,카이스트 K스쿨 스타트업 재무 특강 - 실전에서 바로 쓸 수 있는 스타트업 재무 가이드,안성태,니케북스,,,,스타트업/경제/경영,,,,,,,,,,,,,,,,,
377,카카오 아레나 데이터 경지내대회 1등 노하우,"최규민, 김상훈, 구경훈, 김정오",위키북스,,,,데이터베이스,,,,,,,,,,,,,,,,,
378,칼 비테 교육법,칼 비테,차이정원,,,,교육,,,,,,,,,,,,,,,,,
379,커리어 스킬,존 손메즈,길벗,,,,기술 교양,,,,,,,,,,,,,,,,,
380,컨텍스트의 시대,로버트 스코블,지앤선,,,,스타트업/경제/경영,,,,,,,,,,,,,,,,,
381,컴퓨터 과학 로드맵,블라드스톤 페헤이라 필루,박연오,,,,컴퓨터 개론,,,,,,,,,,,,,,,,,
382,컴퓨터 구조 및 설계,"David A. Patterson, John L. Hennessy ",한티미디어,,,,운영체제/컴퓨터시스템,,,,,,,,,,,,,,,,,
383,컴퓨터 네트워크 - 제5판,Andrew S. Tanenbaum,PEARSON,,,,네트워크,,,,,,,,,,,,,,,,,
384,컴퓨터 사고력을 키우는 이산수학,박주미,한빛아카데미,,,,수학,,,,,,,,,,,,,,,,,
385,컴퓨터 아키텍처,우종정,한빛아카데미,,,,운영체제/컴퓨터시스템,,,,,,,,,,,,,,,,,
386,컴퓨터과학이 여는 세계,이광근,인사이트,,,,인공지능/데이터,,,,,,,,,,,,,,,,,
387,컴퓨터시스템,"RANDAL E. BRYANT, DAVID R. O'HALLARON",교보문고,,,,운영체제/컴퓨터시스템,,,,,,,,,,,,,,,,,
388,케라스 창시자에게 배우는 딥러닝,프랑스와 숄레,길벗,,,,인공지능/데이터,,,,,,,,,,,,,,,,,
389,코드로 배우는 스프링 웹 프로젝트 - 현업 개발을 위한 단계별 실습서,구멍가게 코딩단 (지은이),남가람북스,,,,웹 프로그래밍,,,,,,,,,,,,,,,,,
390,코딩 인터뷰 완전 분석 - 150가지 프로그래밍 문제와 해법,이병준,인사이트,,,,자료구조/알고리즘,,,,,,,,,,,,,,,,,
391,코딩 진로,"류채윤, 맹윤호, 박민수",HOMO LUDENS,,,,기술 교양,,,,,,,,,,,,,,,,,
392,코딩 테스트를 위한 자료 구조와 알고리즘 with C++,"존 캐리 , 셰리안 도시 , 파야스 라잔",길벗,,,,자료구조/알고리즘,,,,,,,,,,,,,,,,,
393,코딩으로 지구정복 - 프로그래밍 초보자를 위한 나혼자 끝내는 코딩 입문서,코인(코딩하는 사람들),넥서스,,,,프로그래밍 언어,,,,,,,,,,,,,,,,,
394,코딩을 지탱하는 기술,니시오 히로카즈,비제이퍼블릭,,,,프로그래밍 언어,,,,,,,,,,,,,,,,,
395,코딩책과 함께 보는 소프트웨어 개념 사전 - 컴퓨팅 사고력과 문제해결능력을 위한 나만의 비밀 노트!,김현정,궁리,,,,기술 교양,,,,,,,,,,,,,,,,,
396,코딩책과 함께보는 코딩 개념 사전,김현정,궁리,,,,기술 교양,,,,,,,,,,,,,,,,,
397,코스모스,칼 세이건,사이언스북스,,,,기술 교양,,,,,,,,,,,,,,,,,
398,코틀린 동시성 프로그래밍,미구엘 엔젤 카스티블랑코 토레스,에이콘,,,,프로그래밍 언어,,,,,,,,,,,,,,,,,
399,쿠버네티스 마스터 2/e,기기 사이판,에이콘출판사,,,,클라우드,,,,,,,,,,,,,,,,,
400,쿠버네티스 모범 사례,"브렌던 번스, 에디 비얄바, 데이브 스트레벨, 라클런 이븐슨",한빛미디어,,,,클라우드,,,,,,,,,,,,,,,,,
401,쿠버네티스 인 액션,마르코 룩샤,에이콘,,,,클라우드,,,,,,,,,,,,,,,,,
402,쿠버네티스 쿡북,"세바스티앙 고아스구엔, 마이클 하우젠블라스",에이콘,,,,클라우드,,,,,,,,,,,,,,,,,
403,큐레이션 - 정보 과잉 시대의 돌파구,스티븐 로젠바움,이코노믹북스,,,,스타트업/경제/경영,,,,,,,,,,,,,,,,,
404,"클라우드, 모바일 및 에지 기반의 딥러닝 실용 가이드","Anirudh Koul, Siddha Ganju, Meher Kasam",DK 로드 북스,,,,인공지능/데이터,,,,,,,,,,,,,,,,,
405,클라이언트 - 서버 웹 앱 만들기 - 자바와 자바스크립트로 배우는 모던 웹 앱 개발,캐지미어 새터노스 (지은이),한빛미디어,,,,웹 프로그래밍,,,,,,,,,,,,,,,,,
406,클린 아키텍처,로버트 C.마틴,인사이트,,,,소프트웨어공학,,,,,,,,,,,,,,,,,
407,클린 코드 Clean Code - 애자일 소프트웨어 장인 정신,로버트 C. 마틴,인사이트,,,,소프트웨어공학,,,,,,,,,,,,,,,,,
408,클린 코드를 위한 테스트 주도 개발 : 파이썬을 이용한,해리 J.W.퍼시벌,비제이퍼블릭,,,,기술 교양,,,,,,,,,,,,,,,,,
409,킥스타터 캠페인,박한진,클라우드 북스,,,,기술 교양,,,,,,,,,,,,,,,,,
410,타이탄의 도구들,팀 페리스,토네이도,,,,자기계발,,,,,,,,,,,,,,,,,
411,타인의 해석 - 당신이 모르는 사람을 만났을 때,말콤 글래드웰,김영사,,,,인문학,,,,,,,,,,,,,,,,,
412,텐서플로와 머신러닝으로 시작하는 자연어 처리,"전창욱, 최태균, 조중현",위키북스,,,,인공지능/데이터,,,,,,,,,,,,,,,,,
413,토비의 스프링 3.1 Vol. 1 - 스프링의 이해와 원리,이일민 (지은이),에이콘출판,,,,웹 프로그래밍,,,,,,,,,,,,,,,,,
414,토비의 스프링 3.1 Vol. 2 - 스프링의 기술과 선택,이일민 (지은이),에이콘출판,,,,웹 프로그래밍,,,,,,,,,,,,,,,,,
415,특이점이 온다 - 기술이 인간을 초월하는 순간,레이 커즈와일,김영사,,,,기술 교양,,,,,,,,,,,,,,,,,
416,"팀 개발을 위한 Git, GitHub 시작하기","정호영, 진유림",한빛미디어,,,,소프트웨어공학,,,,,,,,,,,,,,,,,
417,파워 코딩 C Concept,배영승,박문각,,,,프로그래밍 언어,,,,,,,,,,,,,,,,,
418,파이썬 날코딩으로 알고 짜는 딥러닝,윤덕호,한빛미디어,,,,인공지능/데이터,,,,,,,,,,,,,,,,,
419,파이썬 머신러닝,세바스티안 라슈카,"PACKT PUBLISHING, 지앤선",,,,인공지능/데이터,,,,,,,,,,,,,,,,,
420,파이썬 머신러닝 완벽 가이드,권철민,위키북스,,,,인공지능/데이터,,,,,,,,,,,,,,,,,
421,파이썬 알고리즘 인터뷰,박상길,책만,,,,자료구조/알고리즘,,,,,,,,,,,,,,,,,
422,파이썬 웹 프로그래밍,김석훈,한빛미디어,,,,웹 프로그래밍,,,,,,,,,,,,,,,,,
423,파이썬 웹 프로그래밍,김석훈,한빛미디어,,,,웹 프로그래밍,,,,,,,,,,,,,,,,,
424,파이썬으로 배우는 통계학 교과서,바바 신야,한빛미디어,,,,소프트웨어공학,,,,,,,,,,,,,,,,,
425,파이썬으로 살펴보는 아키텍처 패턴,"해리 퍼시벌, 밥 그레고리",한빛미디어,,,,기술 교양,,,,,,,,,,,,,,,,,
426,파이썬으로 시작하는 컴퓨터 과학 입문,심효섭,프로그래밍인사이트,,,,인공지능/데이터,,,,,,,,,,,,,,,,,
427,"파이썬을 이용한 머신러닝, 딥러닝 실전 앱 개발","쿠지라 히코우즈쿠에, 스기야마 요우이치, 엔도 슌스케",위키북스,,,,인공지능/데이터,,,,,,,,,,,,,,,,,
428,판매전선 이상없다,체트홈즈,흐름출판,,,,스타트업/경제/경영,,,,,,,,,,,,,,,,,
429,팟캐스트 나는 프로그래머다,"임백준,정도현,김호광",한빛미디어,,,,기술 교양,,,,,,,,,,,,,,,,,
430,퍼펙트 루비온 레일즈,야마다 요시히로,제이펍,,,,웹 프로그래밍,,,,,,,,,,,,,,,,,
431,포스트 코로나 - 우리는 무엇을 준비할 것인가,"임승규,장두석,양석재,조관자,김재헌,유필립,박남기",한빛비즈,,,,인문학,,,,,,,,,,,,,,,,,
432,"포스트 코로나, 비대면사회의 기술 혁명 클라우드",윤혜식,미디어샘,,,,클라우드,,,,,,,,,,,,,,,,,
433,포워드 2019 미래를 읽다,차두원 외 8명,한스미디어,,,,자기계발,,,,,,,,,,,,,,,,,
434,"프로그래머, 수학의 시대",이재현,로드북,,,,기술 교양,,,,,,,,,,,,,,,,,
435,프로그래머가 되기 전에 알았더라면 좋았을 것들 - 격한 공감! 읽기만 해도 몸값이 올라간다,고마타 미쓰유키,스포트라잇북,,,,기술 교양,,,,,,,,,,,,,,,,,
436,프로그래머로 산다는 것,"유석문, 황상철, 하호진, 이상민, 김성박",로드북,,,,자기계발,,,,,,,,,,,,,,,,,
437,"프로그래머의 길, 멘토에게 묻다","데이브 후버,애디웨일 오시나이",인사이트,,,,기술 교양,,,,,,,,,,,,,,,,,
438,"프로그래밍 면접, 이렇게 준비한다","존 몽건, 노아 킨들러, 에릭 기게리",한빛미디어,,,,자료구조/알고리즘,,,,,,,,,,,,,,,,,
439,프로그래밍 패턴 - 프로그램을 작성하는 33가지 방법,크리스티나 로페즈,위키북스,,,,소프트웨어공학,,,,,,,,,,,,,,,,,
440,프로일잘러를 위한 슬기로운 아이패드 생활,이지은,천그루숲,,,,기술 교양,,,,,,,,,,,,,,,,,
441,프로젝트가 서쪽으로 간 까닭은 - 프로젝트 군상의 86가지 행동 패턴,톰 드마르코,인사이트,,,,기술 교양,,,,,,,,,,,,,,,,,
442,프로크리에이트로 시작하는 아이패드 드로잉,수지(허수정),책밥,,,,디자인/자격증,,,,,,,,,,,,,,,,,
443,프리-오픈소스 소프트웨어 혁명의 역사,크리스토퍼 토찌,지식함지,,,,기술 교양,,,,,,,,,,,,,,,,,
444,피터 드러커 자기경영노트,피터 F. 드러커,한국경제신문사,,,,자기계발,,,,,,,,,,,,,,,,,
445,핀란드 교육에서 미래 교육의 답을 찾다,키르스티 론카,테크빌교육(즐거운학교),,,,교육,,,,,,,,,,,,,,,,,
446,하드씽,벤 호로위츠,36.5,,,,기술 교양,,,,,,,,,,,,,,,,,
447,하버드 상위 1퍼센트의 비밀 - 신호를 차단하고 깊이 몰입하라,정주영,한국경제신문,,,,인문학,,,,,,,,,,,,,,,,,
448,"하이브리드 앱을 구현하는 기술 - HTML5, 자바스크립트, 코도바(폰갭)로 만드는 안드로이드와 iOS 앱 개발","구보타 미츠노리,아시알 주식회사 (지은이)",한빛미디어,,,,게임개발/모바일,,,,,,,,,,,,,,,,,
449,학습분석학의 이해,"조일현, 박연정, 김정현",박영story,,,,교육,,,,,,,,,,,,,,,,,
450,한 권으로 배우는 파이썬 기초 & 알고리즘 사고법,"Aristides Bouras, Loukia Ainarozidou",제이펍,,,,프로그래밍 언어,,,,,,,,,,,,,,,,,
451,한 권으로 정리하는 4차 산업혁명,최진기,이지퍼블리싱,,,,기술 교양,,,,,,,,,,,,,,,,,
452,한국 IT산업의 멸망,김인성,북하우스,,,,기술 교양,,,,,,,,,,,,,,,,,
453,한눈에 보이는 무료 글꼴 가이드 : 영어편,탁연상,DigitalNew,,,,디자인/자격증,,,,,,,,,,,,,,,,,
454,한눈에 보이는 무료 글꼴 가이드 : 한글편,탁연상,DigitalNew,,,,디자인/자격증,,,,,,,,,,,,,,,,,
455,한상기의 소셜미디어 특강,한상기,에이콘,,,,스타트업/경제/경영,,,,,,,,,,,,,,,,,
456,한입에 웹 크롤링,"김경록, 서영덕",비제이퍼블릭,,,,인공지능/데이터,,,,,,,,,,,,,,,,,
457,함께 자라기 애자일로 가는 길,김창준,인사이트,,,,기술 교양,,,,,,,,,,,,,,,,,
458,함수형 자바스크립트 프로그래밍,유인동,인사이트,,,,프로그래밍 언어,,,,,,,,,,,,,,,,,
459,"해커, 광기의 랩소디",스티븐 레비,한빛미디어,,,,기술 교양,,,,,,,,,,,,,,,,,
460,해커와 화가,폴 그레이엄,한빛미디어,,,,기술 교양,,,,,,,,,,,,,,,,,
461,핵심만 골라 배우는 SwiftUI 기반의 iOS 프로그래밍,닐 스미스,제이펍,,,,게임개발/모바일,,,,,,,,,,,,,,,,,
462,핵심만 골라 배우는 SwiftUI 기반의 iOS 프로그래밍,닐 스미스,제이펍,,,,게임개발/모바일,,,,,,,,,,,,,,,,,
463,행복의 기원 - 인간의 행복은 어디서 오는가,서은국,21세기북스,,,,인문학,,,,,,,,,,,,,,,,,
464,"혁신의 후원자 벤처캐피털 - 스타트업의 파트너, 모험 자본주의의 주역",권오상,클라우드나인,,,,스타트업/경제/경영,,,,,,,,,,,,,,,,,
465,현금흐름분석,김명철,한국금융연수원,,,,인문학,,,,,,,,,,,,,,,,,
466,호모 모빌리언스,이민화,북콘서트,,,,인문학,,,,,,,,,,,,,,,,,
467,혼자 공부하는 파이썬 - 파이썬 최신 버전 반영,윤인성 (지은이),한빛미디어,,,,프로그래밍 언어,,,,,,,,,,,,,,,,,
468,혼자 있는 시간의 힘,사이토 다카시,위즈덤하우스,,,,자기계발,,,,,,,,,,,,,,,,,
469,홀로 성장하는 시대는 끝났다,이소영,더메이커,,,,자기계발,,,,,,,,,,,,,,,,,
470,후니의 쉽게 쓴 시스코 네트워킹,진강훈,성안당,,,,네트워크,,,,,,,,,,,,,,,,,
471,힘든 시대를 위한 좋은 경제학,"아비지트 배너지,에스테르 뒤플로",생각의힘,,,,스타트업/경제/경영,,,,,,,,,,,,,,,,,
472,Adopting InnerSource,Danese Cooper & Klaas-Jan Stol,OREILLY,,,,기술 교양,,,,,,,,,,,,,,,,,
473,AI 마인드,마틴 포드,터닝포인트,,,,인공지능/데이터,,,,,,,,,,,,,,,,,
474,AI 슈퍼파워,리카이푸,이콘,,,,인공지능/데이터,,,,,,,,,,,,,,,,,
475,AI 최강의 수업,김진형,매일경제신문사,,,,인공지능/데이터,,,,,,,,,,,,,,,,,
476,"AI시대, 문과생은 이렇게 일합니다.",노구치 류지,시그마 북스,,,,인공지능/데이터,,,,,,,,,,,,,,,,,
477,Algorithms Fourth Edition,"로버트 세지윅, 케빈 웨인",길벗,,,,자료구조/알고리즘,,,,,,,,,,,,,,,,,
478,ARM과 Cortex시리즈 코어를 위한 IAR Embedded Workbench 컴파일러와 디버거,김철원,지앤선,,,,운영체제/컴퓨터시스템,,,,,,,,,,,,,,,,,
479,Beyond the Twelve-Factor App,Kevin Hoffman,OREILLY,,,,기술 교양,,,,,,,,,,,,,,,,,
480,Boot Spring Boot! - 한 권으로 정리하는 스프링 부트 A to Z,김지헌 (지은이),지&선(지앤선),,,,웹 프로그래밍,,,,,,,,,,,,,,,,,
481,Business Model Generation - 비즈니스 모델의 탄생,알렉산더 오스터왈더,타임비즈,,,,스타트업/경제/경영,,,,,,,,,,,,,,,,,
482,C & C++ 시큐어 코딩,로버트 시코드,에이콘,,,,프로그래밍 언어,,,,,,,,,,,,,,,,,
483,C 포인터의 이해와 활용,리차드 M. 리즈,제이펍,,,,프로그래밍 언어,,,,,,,,,,,,,,,,,
484,C++ 기초 플러스,스테판 프라다,성안당,,,,프로그래밍 언어,,,,,,,,,,,,,,,,,
485,C++로 시작하는 객체지향 프로그래밍,Y. Daniel Liang,도서출판 ITC,,,,프로그래밍 언어,,,,,,,,,,,,,,,,,
486,C로 쓴 자료구조론,Ellis Horowitz,교보문고(교재),,,,자료구조/알고리즘,,,,,,,,,,,,,,,,,
487,C로 쓴 자료구조론,이석호,교보문고,,,,자료구조/알고리즘,,,,,,,,,,,,,,,,,
488,C언어로 쉽게 풀어쓴 자료구조,"천인국,공용해,하상호",생능출판사,,,,자료구조/알고리즘,,,,,,,,,,,,,,,,,
489,C언어의 정석,남궁성,도우출판,,,,프로그래밍 언어,,,,,,,,,,,,,,,,,
490,COMPASS,"피터 시스코,일레인 비치,조지 할렌베크",피에스아이컨설팅(PSI컨설팅),,,,조직/실무,,,,,,,,,,,,,,,,,
491,D3.js,스캇 머레이,인사이트,,,,프로그래밍 언어,,,,,,,,,,,,,,,,,
492,Data-Driven UX,편집부,포그리트,,,,디자인/자격증,,,,,,,,,,,,,,,,,
493,DDD Start! - 도메인 주도 설계 구현과 핵심 개념 익히기,최범균,지&선(지앤선),,,,기술 교양,,,,,,,,,,,,,,,,,
494,Debug It! 실용주의 디버깅 - 소프트웨어 개발자가 꼭 알아야 할 디버깅의 정석,폴 부처,에이콘출판,,,,소프트웨어공학,,,,,,,,,,,,,,,,,
495,Debugging Teams,Brian W.Fitzpatcrick 외 1,O`REILLY,,,,기술 교양,,,,,,,,,,,,,,,,,
496,Developing Serverless Applications,Raymond Camden,OREILLY,,,,웹 프로그래밍,,,,,,,,,,,,,,,,,
497,Do it 자료구조와 함께 배우는 알고리즘 입문 - C 언어 편,Bohyoh Shibata,이지스퍼블리싱,,,,자료구조/알고리즘,,,,,,,,,,,,,,,,,
498,Do it! 쉽게 배우는 R 데이터 분석,김영우,이지스퍼블리싱,,,,프로그래밍 언어,,,,,,,,,,,,,,,,,
499,Do it! 스위프트로 아이폰 앱 만들기,"송호정, 이범근",이지스퍼블리싱,,,,게임개발/모바일,,,,,,,,,,,,,,,,,
500,Do it! 안드로이드 앱 프로그래밍,정재곤,이지스퍼블리싱,,,,게임개발/모바일,,,,,,,,,,,,,,,,,
501,Do it! 웹사이트 기획 입문,이정원,이지스퍼블리싱,,,,웹 프로그래밍,,,,,,,,,,,,,,,,,
502,Do it! 자료구조와 함께 배우는 알고리즘 입문 - 파이썬 편,Bohyoh Shibata,이지스퍼블리싱,,,,자료구조/알고리즘,,,,,,,,,,,,,,,,,
503,"Do it! 자바 프로그래밍 입문 - 개발 실무 10년, 강의 10년! 명강사의 기초 튼튼 코딩 밥상! ",박은종 (지은이),이지스퍼블리싱,,,,프로그래밍 언어,,,,,,,,,,,,,,,,,
504,Do it! 점프 투 파이썬 - 전면 개정판,박응용 (지은이),이지스퍼블리싱,,,,프로그래밍 언어,,,,,,,,,,,,,,,,,
505,Do it! 점프 투 파이썬 - 파이썬 3버젼,박응용,이지스 퍼블리싱,,,,프로그래밍 언어,,,,,,,,,,,,,,,,,
506,Do it! 정직하게 코딩하며 배우는 딥러닝 입문,박해선,이지스퍼블리싱,,,,인공지능/데이터,,,,,,,,,,,,,,,,,
507,Do it! HTML5+CSS3 웹 표준의 정석,고경희,이지스퍼블리싱,,,,웹 프로그래밍,,,,,,,,,,,,,,,,,
508,Do it! Node.js 프로그래밍,정재곤,이지스퍼블리싱,,,,웹 프로그래밍,,,,,,,,,,,,,,,,,
509,Effective C++ 3판,스콧 마이어스,Pearson,,,,프로그래밍 언어,,,,,,,,,,,,,,,,,
510,Effective Java Second Edition,Joshua Bloch,Pearson,,,,프로그래밍 언어,,,,,,,,,,,,,,,,,
511,Effective Modern C++,Scott Meyers,O'REILLY,,,,프로그래밍 언어,,,,,,,,,,,,,,,,,
512,Extending Swift Value(s) to the Server,David Ungar,OREILLY,,,,프로그래밍 언어,,,,,,,,,,,,,,,,,
513,Game Engine Architecture,Jason Gregory,CRC Press,,,,게임개발/모바일,,,,,,,,,,,,,,,,,
514,GAN 인 액션 텐서플로 2.x와 케라스로 구축하는 생성적 적대 신경망,"야쿠프 란그르, 블라디미르 보크",박해선,,,,인공지능/데이터,,,,,,,,,,,,,,,,,
515,GoF의 디자인 패턴,"에릭 감마, 리처드 헬름, 랄프 존슨, 존 블리시디스",Pearson,,,,프로그래밍 언어,,,,,,,,,,,,,,,,,
516,Head First C#,"엔드류 스텔만, 제니퍼 그린",한빛미디어,,,,소프트웨어공학,,,,,,,,,,,,,,,,,
517,Head First Design Patterns,"에릭 프리먼, 엘리자베스 프리먼, 케이시 시에라, 버트 베이츠",O'REILLY,,,,프로그래밍 언어,,,,,,,,,,,,,,,,,
518,hello coding 그림으로 개념을 이해하는 알고리즘,아디트야 바르가바,한빛미디어,,,,자료구조/알고리즘,,,,,,,,,,,,,,,,,
519,HTTP 완벽 가이드,"데이빗 고울리 , 브라이언 토티 , 마조리 세이어 , 세일루 레디 , 안슈 아가왈 ",인사이트,,,,웹 프로그래밍,,,,,,,,,,,,,,,,,
520,Introduction to Algorithms,"Thomas H. Cormen. Charles E. Leiserson, Ronald L. Rivest, Clifford Stein",한빛미디어,,,,자료구조/알고리즘,,,,,,,,,,,,,,,,,
521,INTRODUCTION TO COMPUTER SCIENCE USING PYTHON A COMPUTATIONAL PROBLEM-SOLVING FOCUS,찰스 디어바흐,WILEY,,,,프로그래밍 언어,,,,,,,,,,,,,,,,,
522,Introduction to Computing and Programming in Python,Mark Guzdial,PEARSON,,,,프로그래밍 언어,,,,,,,,,,,,,,,,,
523,IOT 사물인터넷을 위한 파이썬 네트워크 프로그래밍,"서열규, 전희성",복두,,,,네트워크,,,,,,,,,,,,,,,,,
524,"IT 아키텍트가 하지 말아야 할 128가지 - 설계, 방법론, 구축.테스트, 운용, 보안",니케이시스템즈,로드북,,,,기술 교양,,,,,,,,,,,,,,,,,
525,IT 엔지니어로 사는 법 1 - 진로와 취업과 이직을 위한 성장 이야기,"권순용,변동구,조정원,최경철,김은영,김진성,서태호,최성곤 ",비팬북스,,,,기술 교양,,,,,,,,,,,,,,,,,
526,IT 엔지니어를 위한 네트워크 입문,"고재성, 이상훈",길벗,,,,네트워크,,,,,,,,,,,,,,,,,
527,IT 인프라시대의 대한민국 IT,김수보,재승출판,,,,기술 교양,,,,,,,,,,,,,,,,,
528,"IT 전문가로 사는 법 - IT 개발자, 엔지니어, 컨설턴트의 길을 걸어가는 당신을 위한 안내서",장동인,한빛미디어,,,,기술 교양,,,,,,,,,,,,,,,,,
529,IT신화를 이끈 아버지가 보내는 편지,"한기철, 김대용, 김명준",전자신문사,,,,자기계발,,,,,,,,,,,,,,,,,
530,KAIST 김진형 교수에게 듣는 AI 최강의 수업,김진형,매일경제신문사,,,,인공지능/데이터,,,,,,,,,,,,,,,,,
531,Kernighan의 C 언어 프로그래밍,"Brian W. Kernighan, Dennis M. Richie",,,,,프로그래밍 언어,,,,,,,,,,,,,,,,,
532,Kubernetes In Action,마르코 룩샤,MANNING,,,,클라우드,,,,,,,,,,,,,,,,,
533,"Learning PHP, MySQL, JavaScript, & CSS",로빈 닉슨,에이콘,,,,웹 프로그래밍,,,,,,,,,,,,,,,,,
534,Linux Internals,Moshe Bar,테크북,,,,운영체제/컴퓨터시스템,,,,,,,,,,,,,,,,,
535,Maker Pro 메이커 프로,존 베이첼,한빛미디어,,,,스타트업/경제/경영,,,,,,,,,,,,,,,,,
536,Mano의 컴퓨터시스템구조 제 3판,M.Morris Mano,프로텍미디어,,,,운영체제/컴퓨터시스템,,,,,,,,,,,,,,,,,
537,Mano의 컴퓨터시스템구조 제 3판,김종상 옮김,프로텍미디어,,,,운영체제/컴퓨터시스템,,,,,,,,,,,,,,,,,
538,Microsoft Azure Essentials: Fundamentals of Azure,"Michael Collier, Robin Shahan",Microsoft,,,,클라우드,,,,,,,,,,,,,,,,,
539,MySQL로 배우는 데이터베이스 개론과 실습,"박우창, 남송휘, 이현룡",한빛아카데미,,,,데이터베이스,,,,,,,,,,,,,,,,,
540,Nginx HTTP 서버,끌레망 네델꾸,에이콘출판사,,,,웹 프로그래밍,,,,,,,,,,,,,,,,,
541,Node.js 디자인패턴,"Mario Casciaro, Luciano Mammino ",영진닷컴,,,,웹 프로그래밍,,,,,,,,,,,,,,,,,
542,OKR - 전설적인 벤처투자자가 구글에 전해준 성공 방식,존 도어,세종서적,,,,인문학,,,,,,,,,,,,,,,,,
543,OpenCV 4 마스터 3/e,"로이 실크롯, 데이비드 밀란 에스크리바",에이콘출판,,,,인공지능/데이터,,,,,,,,,,,,,,,,,
544,Operating System Concepts 에센셜,Abraham Silberschatz,홍릉과학출판사,,,,운영체제/컴퓨터시스템,,,,,,,,,,,,,,,,,
545,Operating System Concepts Ninth Edition,"Abraham Silberschatz, Peter B. Galvin, Greg Gagne",WILEY,,,,운영체제/컴퓨터시스템,,,,,,,,,,,,,,,,,
546,Out of Our Minds,"Robinson, Ken",John Wiley & Sons Inc,,,,자기계발,,,,,,,,,,,,,,,,,
547,Python for Scientists (Paperback),John M. Stewart (지은이),Cambridge University Press,,,,인공지능/데이터,,,,,,,,,,,,,,,,,
548,Python in Education,Nicholas H. Tollervey,OREILLY,,,,프로그래밍 언어,,,,,,,,,,,,,,,,,
549,Python Web Frameworks,Carlos de la Guardia,OREILLY,,,,웹 프로그래밍,,,,,,,,,,,,,,,,,
550,R과 데이터 사이언스,"최현희, 최영랑",지앤선,,,,프로그래밍 언어,,,,,,,,,,,,,,,,,
551,R을 활용한 계량분석 강의노트,최유진,윤성사,,,,인공지능/데이터,,,,,,,,,,,,,,,,,
552,"Re-스타트, 다시 시작하는 교육","김선,강성우",혜화동,,,,교육,,,,,,,,,,,,,,,,,
553,Real MySQL,이성욱,위키북스,,,,데이터베이스,,,,,,,,,,,,,,,,,
554,Securing Microservice APIs,"Matt McLarty, Rob Wilson",OREILLY,,,,웹 프로그래밍,,,,,,,,,,,,,,,,,
555,SQL로 분석하고 Tableau로 시각화하자,모원서,비제이퍼블릭,,,,인공지능/데이터,,,,,,,,,,,,,,,,,
556,"swedu, 정보적 사고에서 인공 지능까지",김현철,한빛아카데미(교재),,,,프로그래밍 언어,,,,,,,,,,,,,,,,,
557,"TCP/IP 쉽게, 더 쉽게",리브로웍스,제이펍,,,,네트워크,,,,,,,,,,,,,,,,,
558,TCP/IP가 보이는 그림책,"ANK Co., Ltd. ",성안당,,,,네트워크,,,,,,,,,,,,,,,,,
559,The 친절한 코틀린 앱 프로그래밍,정재곤,책장,,,,게임개발/모바일,,,,,,,,,,,,,,,,,
560,The Art of Game Design,제시 셸,에이콘,,,,게임개발/모바일,,,,,,,,,,,,,,,,,
561,The C++ Programming Language (Fourth Edition),비야네 스트롭스트룹,에이콘출판,,,,프로그래밍 언어,,,,,,,,,,,,,,,,,
562,THE OFFICIAL SCRATCHJR BOOK,"MARINA UMASCHI, MITCHEL RESNICK",no starch press,,,,교육,,,,,,,,,,,,,,,,,
563,Understanding the InnerSource Checklist,Silona Bonewald,OREILLY,,,,기술 교양,,,,,,,,,,,,,,,,,
564,UX/UI의 10가지 심리학 법칙,존 야블론스키,책만,,,,디자인/자격증,,,,,,,,,,,,,,,,,
565,War of IT - 전쟁사를 통해서 본 IT 기업의 패권 다툼,김영욱,지앤선,,,,스타트업/경제/경영,,,,,,,,,,,,,,,,,
566,What The Best College Teachers Do,Ken Bain,Harvard,,,,교육,,,,,,,,,,,,,,,,,
567,ZERO to ONE,피터 틸,한국경제신문,,,,스타트업/경제/경영,,,,,,,,,,,,,,,,,
